Alex Cosmetic,Manufacturer,https://www.alex-cosmetic.com/,+49 201 17186110,
Almas Cosmetic- Kosmetikstudio Hildesheim,Beauty salon,http://www.almascosmetic.com/?utm_source=google&utm_medium=wix_google_business_profile&utm_campaign=2769438166021449112,+49 176 62029257,
alziraspa Beauty & Wellness - Waxing und Kosmetikstudio,Hair removal service,https://www.alziraspa.de/,+49 89 43737349,info@alziraspa.de
Amazingy.com,Cosmetics store,https://amazingy.com/,+49 30 55612697,
AOPN,Cosmetics store,http://aopn.com/,+49 7720 2367478,
Be Beauty Praxis für Schönheit & Gesundheit,Cosmetics store,https://www.instagram.com/bebeauty_weilamrhein_/,+41 76 413 50 79,
Beauty Forum München,Beauty supply store,http://www.beauty-fairs.de/muenchen,+49 7243 7278162,info@health-and-beauty.com
Beauty Qlub Germany,Beauty salon,https://beauty-qlub-2.salonized.com/services,+49 176 66691205,beauty.qlub@gmail.com
Beautyge Germany GmbH,Beauty product supplier,https://revlon-pro.de/,+49 611 26237800,kundenservice@revlon.com
Beautyskin-Germany - High-End Anti-Aging Geräte,Health and beauty shop,https://www.beautyskin-germany.de/,+49 5062 899798,
BeYouTy by Tamira,Cosmetics store,https://phorest.com/book/salons/beyoutybytamira,+49 172 6839374,
Brewing Beauty Co. | Naturkosmetik-Manufaktur,Cosmetics store,https://www.brewingbeauty.co/,+49 30 32593651,email@myemail.com
CILOLA - EXPERTS FOR LASHES,Beauty salon,http://cilola.com/,+49 176 41719333,berlin@cilola.com
Cosme Care,Cosmetics industry,https://cosme-care.de/,+49 2471 132235,
cosmetic.de,Beauty supply store,https://cosmetic.de/,+49 821 29724356,
Cosmetics Transfer GbR,Cosmetics store,https://cosmetics-transfer.com/,+49 211 16348327,
Cosmetri GmbH,Software company,https://www.cosmetri.com/,+49 30 22410567,"Untitled-design-2@2x.png, Untitled-design-1@2x.png"
Crevil Cosmetics & Pharmaceuticals Germany,Cosmetic products manufacturer,https://www.crevil.de/,+49 89 20062970,info@crevil.de
Crevil Cosmetics & Pharmaceuticals Germany,Cosmetic products manufacturer,https://www.crevil.de/,+49 89 20062970,info@crevil.de
Das Damenstift cosmetic GmbH,Beauty salon,http://www.das-damenstift.de/,+49 89 25544194,"MAIL@LARS-ARMBRUSTER.DE, INFO@STUDIOPONA.DE"
Deutsche Kosmetikwerke AG,Cosmetics industry,https://newkee.de/,+49 6421 9688110,
Dorothy Roffat Cosmetics,Beauty product supplier,https://dorothyroffat.com/,+49 174 6389732,
e.e.m. Naturkosmetik - Kosmetik Berlin,Cosmetics store,https://eem-naturkosmetik.de/,,
EA Natural Cosmetics UG,Cosmetic products manufacturer,http://www.ea-naturalcosmetics.de/,+49 176 21176353,jan.ensslin@ea-naturalcosmetics.de
Eco-Cosmetics GmbH & Co.KG,Cosmetic products manufacturer,https://eco-cosmetics-shop.de/,+49 5102 913984,
Effekt Kosmetik mit Dr.Juchheim-methode | Selbständiger Berater N.Callea,Cosmetics industry,https://deutschland.juchheim-methode.de/,+49 177 6813284,
Essenza Nobile GmbH,Perfume store,https://essenza-nobile.de/,+49 621 17894040,
être belle Cosmetics Distribution GmbH,Cosmetics store,http://www.etre-belle.de/,+49 7131 203800,
Flowing Cosmetics,Wholesaler,https://flowing-cosmetics.com/,+49 30 55274320,
Genuine Selection,Cosmetics store,https://www.genuineselection.com/,,"info@genuineselection.com, press@genuineselection.com, brands@genuineselection.com"
Germany products,Health and beauty shop,,+49 1577 2263838,
Gertraud Gruber Cosmetics GmbH & Co. KG,Beauty product supplier,http://www.gertraud-gruber.de/,+49 8022 279827,info@gruber-kosmetik.de
Global Beauty Brands GmbH,Beauty product supplier,http://www.globalbeautybrands.com/,+49 511 56961311,Info@globalbeautybrands.com
Golden Beauty,Cosmetics store,https://connect.shore.com/bookings/golden-beauty-0716638b-0c74-4a60-8fd5-5fd23b0c8bd5/services?locale=de,+49 176 43150924,
Green Peel Cosmetics & Care,Beauty salon,,+49 6102 33188,
Health Cosmeticals GmbH,Manufacturer,https://www.health-cosmeticals.com/,+49 5602 93590,
Herome Cosmetics Deutschland GmbH,Cosmetic products manufacturer,http://www.herome.com/,+49 2206 80051,
Herome Cosmetics Deutschland GmbH,Cosmetic products manufacturer,http://www.herome.com/,+49 2206 80051,
It Cosmetics,Cosmetics store,http://www.itcosmetics.de/,,
It Cosmetics,Cosmetics store,http://www.itcosmetics.de/,,
Janssen Cosmetics GmbH,Cosmetics industry,https://janssen-cosmetics.com/,+49 2408 70460,
Julia Popow Beauty Land,Skin care clinic,https://www.instagram.com/beautyland.juliapopow/,+49 176 23256444,
KLARSKIN GmbH,Health and beauty shop,https://www.klarskin.com/,,
KOSMETIK international Messe GmbH,Event management company,http://www.cosmetica.de/,+49 7225 916100,messe@cosmetica.de
La Prairie,Beauty product supplier,,+49 30 2177435,
Lacosmea Cosmetics - Manufaktur für frische Naturkosmetik,Manufacturer,https://www.lacosmea-cosmetics.com/,+49 6221 767732,
Lacosmea Cosmetics - Manufaktur für frische Naturkosmetik,Manufacturer,https://www.lacosmea-cosmetics.com/,+49 6221 767732,
Limitless eCom GmbH,Cosmetics store,,+49 176 45897951,
Limitless eCom GmbH,Cosmetics store,,+49 176 45897951,
L'OCCITANE EN PROVENCE,Cosmetics store,https://de.loccitane.com/?utm_campaign=26OCST026&utm_medium=organic&utm_source=yext&y_source=1_MTA1OTMwODUtNzE1LWxvY2F0aW9uLndlYnNpdGU%3D,+49 841 99369842,
LoveMyCosmetic Premium Korean Beauty,Beauty product supplier,https://www.lovemycosmetic.de/,+49 40 999993325,hello@lovemycosmetic.de
NIVEA Haus Hamburg,Cosmetics store,https://www.nivea.de/nivea-haus/hamburg,+49 40 49092109,
NYCE Cosmetics Germany,Beauty product supplier,http://www.nyce-germany.com/,+49 1514 6404333,info@nyce-germany.com
Online Beauty Shop SKIN MATTER. Nachhaltige Nischen Naturkosmetik und Self-Care aus Europa. Natürlich effizient und wirksam.,Health and beauty shop,http://www.skin-matter.com/,+49 30 34765757,
Orbico Beauty GmbH,Distribution service,https://www.orbicobeauty.de/,+49 174 2199222,beauty.de@orbico.com
Organic Luxury,Cosmetics store,http://www.organicluxury.de/,+49 89 9828384,ihre-email@beispiel.com
OrganicSeries - natural organic cosmetic,Facial spa,http://www.organicseries.de/,+49 89 22843989,info@organicseries.de
PgS Kosmetik,Cosmetics industry,http://www.instagram.com/pgskosmetik,+49 177 9380824,
Powder Room,Facial spa,http://www.powderroom-berlin.com/,+49 176 72538866,hello@powderroom-berlin.com
Pure Deluxe - Kosmetik Made in Germany,Cosmetics store,https://puredeluxe-cosmetic.de/,+49 7131 2796736,info@mm-cosmetics.com
Red lips natural cosmetics,Cosmetics store,http://www.rotelippen-naturkosmetik.de/,+49 30 6158112,
Reflexion GmbH,Cosmetics store,https://www.voinier.com/,+49 89 35653211,info@voinier.com
Royal Fern Skincare,Cosmetics store,https://royalfern.com/,+49 89 21530465,
RYOKO senses salon,Store,https://www.ryoko-online.com/berlin,,mail@ryoko-berlin.com
"Sabrin Beauty Kosmetikstudio, Schulungen, Wellness & Spa",Beautician,https://www.instagram.com/sabrinbeauty_/?hl=de,+49 2041 7079450,
Skincare Shop – innovative Pflegeprodukte,Health and beauty shop,https://www.skincare-shop.de/,+49 6103 939395,info@skincare-shop.de
Skincare Shop – innovative Pflegeprodukte,Health and beauty shop,https://www.skincare-shop.de/,+49 6103 939395,info@skincare-shop.de
Skineco,Beauty supply store,http://www.skineco.de/,+49 6187 4191479,
SKINOVATORS GmbH | Private Label Cosmetics,Cosmetic products manufacturer,https://www.skinovators.com/,+49 5602 9099470,info@skinovators.com
SKINOVATORS GmbH | Private Label Cosmetics,Cosmetic products manufacturer,https://www.skinovators.com/,+49 5602 9099470,info@skinovators.com
SUS KG,Cosmetics store,https://www.yourbrand-cosmetics.com/,+49 176 83087255,productcreator@yourbrand-cosmetics.com
THE 25,Skin care clinic,https://www.the25.de/,+49 178 1475158,contact@the25.de
The Cosmetics Company Store,Outlet store,https://www.outletcity.com/de/metzingen/marken-outlet-the-cosmetics-company-store/,+49 7123 9671899,
title,category,website,phone,emails
Ulé Beauty Germany,Cosmetics industry,https://www.ulebeauty.com/,+49 176 60949127,hello@ulebeauty.com
Vegas Cosmetics GmbH,Cosmetics store,http://www.vegascosmetics.de/,+49 6078 968110,
www.online-kosmetikshop.de,Cosmetics store,https://www.online-kosmetikshop.de/,+49 335 40152770,
